id;role;text
1;Senior .NET Developer;Looking for Senior .NET Developer with 5+ years experience in C#, ASP.NET Core, Microservices, Azure, Docker, CI/CD and SQL Server
2;Python Developer;Looking for Python Developer with 3+ years experience in Django, FastAPI, AWS, Machine Learning and PostgreSQL
3;Java Developer;Looking for a Java Backend Developer with experience in Spring Boot, microservices architecture, MySQL databases, REST APIs, Kafka and Docker containerization.
4;Mobile Developer;Seeking a Mobile Developer specialized in Android development using Kotlin or Java, Firebase integration, REST APIs and mobile application optimization.
5;Cybersecurity Specialist;We are hiring a Cybersecurity Specialist with experience in penetration testing, Linux systems, firewalls, vulnerability assessment, network security and security monitoring tools.
6;Project Manager;Looking for a Project Manager experienced in Agile and Scrum methodologies, stakeholder communication, Jira project tracking, software delivery planning and team coordination.
7;Data Scientist;Seeking a Data Scientist with experience in Python, Scikit-learn, NLP, machine learning, deep learning, SQL, Pandas, TensorFlow and cloud deployment solutions.
8;QA Automation Engineer;Looking for a QA Automation Engineer experienced in Selenium, Cypress, API testing, regression testing, Agile methodologies, Jira and software quality assurance processes.
9;Frontend Developer;Seeking a Frontend Developer skilled in React, JavaScript, HTML, CSS, responsive web design, Git and UI/UX implementation for modern web applications.
